{
    "version": "0.0.1",
    "clearVisualization": {
        "strategy": "navigateToUrl",
        "steps": [
            { "goto": "{{appUrl}}/#/" },
            { "waitForSelector": ".push-analytics-start-screen" }
        ]
    },
    "showVisualization": {
        "strategy": "navigateToUrl",
        "steps": [
            { "goto": "{{appUrl}}/#/{{id}}" },
            {
                "waitForSelectorConditionally": [
                    {
                        "dashboardItemProperty": "visualization.type",
                        "value": "PIVOT_TABLE",
                        "selector": ".pivot-table-container > table"
                    },
                    {
                        "dashboardItemProperty": "visualization.type",
                        "value": "OUTLIER_TABLE",
                        "selector": ".push-analytics-outlier-table"
                    },
                    {
                        "dashboardItemProperty": "visualization.type",
                        "value": [
                            "COLUMN",
                            "STACKED_COLUMN",
                            "BAR",
                            "STACKED_BAR",
                            "LINE",
                            "AREA",
                            "STACKED_AREA",
                            "PIE",
                            "RADAR",
                            "GAUGE",
                            "YEAR_OVER_YEAR_LINE",
                            "YEAR_OVER_YEAR_COLUMN",
                            "SCATTER",
                            "BUBBLE"
                        ],
                        "selector": ".highcharts-container > svg"
                    },
                    {
                        "dashboardItemProperty": "visualization.type",
                        "value": "SINGLE_VALUE",
                        "selector": "[data-test='visualization-container']"
                    }
                ]
            }
        ]
    },
    "triggerDownloadConditionally": [
        {
            "dashboardItemProperty": "visualization.type",
            "value": [
                "COLUMN",
                "STACKED_COLUMN",
                "BAR",
                "STACKED_BAR",
                "LINE",
                "AREA",
                "STACKED_AREA",
                "PIE",
                "RADAR",
                "GAUGE",
                "YEAR_OVER_YEAR_LINE",
                "YEAR_OVER_YEAR_COLUMN",
                "SCATTER",
                "BUBBLE",
                "SINGLE_VALUE",
                "PIVOT_TABLE"
            ],
            "strategy": "useUiElements",
            "steps": [
                { "click": ".push-analytics-download-dropdown-menu-button" },
                { "click": ".push-analytics-download-menu-item" }
            ]
        },
        {
            "dashboardItemProperty": "visualization.type",
            "value": "OUTLIER_TABLE",
            "strategy": "noop"
        }
    ],
    "obtainDownloadArtifactConditionally": [
        {
            "dashboardItemProperty": "visualization.type",
            "value": "PIVOT_TABLE",
            "strategy": "scrapeDownloadPage",
            "htmlSelector": "body",
            "cssSelector": "style"
        },
        {
            "dashboardItemProperty": "visualization.type",
            "value": "OUTLIER_TABLE",
            "strategy": "interceptResponse",
            "urlGlob": "**/analytics/outlierDetection**"
        },
        {
            "dashboardItemProperty": "visualization.type",
            "value": [
                "COLUMN",
                "STACKED_COLUMN",
                "BAR",
                "STACKED_BAR",
                "LINE",
                "AREA",
                "STACKED_AREA",
                "PIE",
                "RADAR",
                "GAUGE",
                "YEAR_OVER_YEAR_LINE",
                "YEAR_OVER_YEAR_COLUMN",
                "SCATTER",
                "BUBBLE",
                "SINGLE_VALUE",
                "PIVOT_TABLE",
                "OUTLIER_TABLE"
            ],
            "strategy": "interceptFileDownload"
        }
    ]
}
