[
  {
    "locale": "ar",
    "translations": {}
  },
  {
    "locale": "ar_EG",
    "translations": {}
  },
  {
    "locale": "ar_IQ",
    "translations": {}
  },
  {
    "locale": "ckb",
    "translations": {}
  },
  {
    "locale": "cs",
    "translations": {}
  },
  {
    "locale": "da",
    "translations": {}
  },
  {
    "locale": "en",
    "translations": {
      "APP_TITLE": "System Settings",
      "APP_DESCRIPTION": ""
    }
  },
  {
    "locale": "es",
    "translations": {}
  },
  {
    "locale": "es_419",
    "translations": {}
  },
  {
    "locale": "fr",
    "translations": {}
  },
  {
    "locale": "hi_IN",
    "translations": {}
  },
  {
    "locale": "id",
    "translations": {}
  },
  {
    "locale": "km",
    "translations": {}
  },
  {
    "locale": "lo",
    "translations": {}
  },
  {
    "locale": "my",
    "translations": {}
  },
  {
    "locale": "nb",
    "translations": {}
  },
  {
    "locale": "nl",
    "translations": {}
  },
  {
    "locale": "or",
    "translations": {}
  },
  {
    "locale": "prs",
    "translations": {}
  },
  {
    "locale": "ps",
    "translations": {}
  },
  {
    "locale": "pt",
    "translations": {}
  },
  {
    "locale": "pt_BR",
    "translations": {}
  },
  {
    "locale": "ro",
    "translations": {}
  },
  {
    "locale": "ru",
    "translations": {}
  },
  {
    "locale": "si",
    "translations": {}
  },
  {
    "locale": "sv",
    "translations": {}
  },
  {
    "locale": "tet",
    "translations": {}
  },
  {
    "locale": "tg",
    "translations": {}
  },
  {
    "locale": "uk",
    "translations": {}
  },
  {
    "locale": "ur",
    "translations": {}
  },
  {
    "locale": "uz_Latn",
    "translations": {}
  },
  {
    "locale": "uz_UZ_Cyrl",
    "translations": {}
  },
  {
    "locale": "uz_UZ_Latn",
    "translations": {}
  },
  {
    "locale": "vi",
    "translations": {}
  },
  {
    "locale": "zh",
    "translations": {}
  },
  {
    "locale": "zh_CN",
    "translations": {}
  }
]