{
    "version": "0.0.1",
    "showVisualization": {
        "strategy": "navigateToUrl",
        "steps": [
            { "goto": "{{appUrl}}/#/{{id}}/download?isPushAnalytics=true" },
            { "waitForSelector": ".push-analytics-download-button:enabled" }
        ]
    },
    "triggerDownload": {
        "strategy": "useUiElements",
        "steps": [{ "click": ".push-analytics-download-button" }]
    },
    "obtainDownloadArtifact": {
        "strategy": "interceptFileDownload"
    },
    "clearVisualization": {
        "strategy": "navigateToUrl",
        "steps": [
            { "goto": "{{appUrl}}/#/" },
            { "waitForSelector": ".dhis2-map-new .dhis2-map-rendered" }
        ]
    }
}
