{
  "type": "app",
  "id": "28823170-1203-46d1-81d5-eea67abae41c",
  "name": "app-management",
  "title": "App Management",
  "coreApp": true,
  "minDHIS2Version": "2.37",
  "version": "100.4.7",
  "author": {
    "name": "Nicolay Ramm",
    "email": "nicolay@dhis2.org",
    "url": "https://www.dhis2.org"
  },
  "description": "The Application Management App provides the ability to upload webapps in .zip files, as well as installing apps directly from the official DHIS 2 App Store",
  "entryPoints": {
    "app": "index.html"
  }
}
