[
  {
    "locale": "ar",
    "shortcuts": {
      "Categories": "الفئات",
      "Category options": "خيارات الفئة",
      "Category combinations": "Category combinations",
      "Category option combinations": "Category option combinations",
      "Category option groups": "Category option groups",
      "Category option group sets": "Category option group sets",
      "Data elements": "عناصر البيانات",
      "Data element groups ": "مجموعات عناصر البيانات",
      "Data element group sets": "Data element group sets",
      "Data sets": "حزم البيانات",
      "Data set notifications": "إشعارات حزمة البيانات",
      "Indicators": "المؤشرات",
      "Indicator types": "أنواع المؤشرات",
      "Indicator groups": "مجموعات المؤشرات",
      "Indicator group sets": "Indicator group sets",
      "Program indicators": "مؤشرات البرنامج",
      "Program indicator groups": "Program indicator groups",
      "Organisation units": "الوحدات التنظيمية",
      "Organisaiton unit groups": "Organisaiton unit groups",
      "Organisation unit group sets": "Organisation unit group sets",
      "Organisation unit levels": "مستويات الوحدة التنظيمية",
      "Hierarchy operations": "عمليات التسلسل الهرمي",
      "Programs": "البرامج",
      "Tracked entity attributes": "Tracked entity attributes",
      "Relationship types": "أنواع العلاقات",
      "Tracked entity types": "أنواع الكيانات المتعقبة",
      "Program rules": "Program rules",
      "Program rule variables": "Program rule variables",
      "Validation rules": "قواعد التحقق",
      "Validation rule groups": "Validation rule groups",
      "Validation notifications": "Validation notifications",
      "Constants": "الثوابت",
      "Attributes": "السمات",
      "Option sets": "Option sets",
      "Option groups": "Option groups",
      "Option group sets": "Option group sets",
      "Legends": "مفاتيح إيضاحية",
      "Predictors": "Predictors",
      "Predictor groups": "Predictor groups",
      "Push analysis": "تحليل الدفع",
      "External map layers": "طبقات خريطة خارجية",
      "Data approval levels": "مستويات الموافقة على البيانات",
      "Data approval workflows": "سير عمل الموافقة على البيانات",
      "Locales": "لغات",
      "SQL views": "SQL views",
      "Icons": "Icons",
      "Analytics table hooks": "Analytics table hooks"
    },
    "title": "تطبيق الصيانة",
    "description": "DHIS2 Maintenance app"
  },
  {
    "locale": "ar_IQ",
    "shortcuts": {
      "Categories": "الفئات",
      "Category options": "Category options",
      "Category combinations": "Category combinations",
      "Category option combinations": "Category option combinations",
      "Category option groups": "Category option groups",
      "Category option group sets": "Category option group sets",
      "Data elements": "عناصر البيانات",
      "Data element groups ": "Data element groups",
      "Data element group sets": "Data element group sets",
      "Data sets": "حزم البيانات",
      "Data set notifications": "Data set notifications",
      "Indicators": "المؤشرات",
      "Indicator types": "Indicator types",
      "Indicator groups": "Indicator groups",
      "Indicator group sets": "Indicator group sets",
      "Program indicators": "Program indicators",
      "Program indicator groups": "Program indicator groups",
      "Organisation units": "الوحدات التنظيمية",
      "Organisaiton unit groups": "Organisaiton unit groups",
      "Organisation unit group sets": "Organisation unit group sets",
      "Organisation unit levels": "Organisation unit levels",
      "Hierarchy operations": "Hierarchy operations",
      "Programs": "Programs",
      "Tracked entity attributes": "Tracked entity attributes",
      "Relationship types": "Relationship types",
      "Tracked entity types": "Tracked entity types",
      "Program rules": "Program rules",
      "Program rule variables": "Program rule variables",
      "Validation rules": "Validation rules",
      "Validation rule groups": "Validation rule groups",
      "Validation notifications": "Validation notifications",
      "Constants": "Constants",
      "Attributes": "Attributes",
      "Option sets": "Option sets",
      "Option groups": "Option groups",
      "Option group sets": "Option group sets",
      "Legends": "Legends",
      "Predictors": "Predictors",
      "Predictor groups": "Predictor groups",
      "Push analysis": "Push analysis",
      "External map layers": "External map layers",
      "Data approval levels": "Data approval levels",
      "Data approval workflows": "Data approval workflows",
      "Locales": "Locales",
      "SQL views": "SQL views",
      "Icons": "Icons",
      "Analytics table hooks": "Analytics table hooks"
    },
    "title": "Maintenance app",
    "description": "DHIS2 Maintenance app"
  },
  {
    "locale": "ckb",
    "shortcuts": {
      "Categories": "Categories",
      "Category options": "Category options",
      "Category combinations": "Category combinations",
      "Category option combinations": "Category option combinations",
      "Category option groups": "Category option groups",
      "Category option group sets": "Category option group sets",
      "Data elements": "Data elements",
      "Data element groups ": "Data element groups",
      "Data element group sets": "Data element group sets",
      "Data sets": "Data sets",
      "Data set notifications": "Data set notifications",
      "Indicators": "نیشاندەر",
      "Indicator types": "Indicator types",
      "Indicator groups": "Indicator groups",
      "Indicator group sets": "Indicator group sets",
      "Program indicators": "Program indicators",
      "Program indicator groups": "Program indicator groups",
      "Organisation units": "يةكةي ريكخراو",
      "Organisaiton unit groups": "Organisaiton unit groups",
      "Organisation unit group sets": "Organisation unit group sets",
      "Organisation unit levels": "Organisation unit levels",
      "Hierarchy operations": "Hierarchy operations",
      "Programs": "بةرنامةكان",
      "Tracked entity attributes": "Tracked entity attributes",
      "Relationship types": "Relationship types",
      "Tracked entity types": "Tracked entity types",
      "Program rules": "Program rules",
      "Program rule variables": "Program rule variables",
      "Validation rules": "Validation rules",
      "Validation rule groups": "Validation rule groups",
      "Validation notifications": "Validation notifications",
      "Constants": "Constants",
      "Attributes": "Attributes",
      "Option sets": "Option sets",
      "Option groups": "Option groups",
      "Option group sets": "Option group sets",
      "Legends": "Legends",
      "Predictors": "Predictors",
      "Predictor groups": "Predictor groups",
      "Push analysis": "Push analysis",
      "External map layers": "External map layers",
      "Data approval levels": "Data approval levels",
      "Data approval workflows": "Data approval workflows",
      "Locales": "Locales",
      "SQL views": "SQL views",
      "Icons": "Icons",
      "Analytics table hooks": "Analytics table hooks"
    },
    "title": "Maintenance app",
    "description": "DHIS2 Maintenance app"
  },
  {
    "locale": "cs",
    "shortcuts": {
      "Categories": "Kategorie",
      "Category options": "Možnosti kategorie",
      "Category combinations": "Kombinace kategorií",
      "Category option combinations": "Kombinace možností kategorie",
      "Category option groups": "Category option groups",
      "Category option group sets": "Sady skupin možností kategorií",
      "Data elements": "Datové prvky",
      "Data element groups ": "Skupiny datových prvků",
      "Data element group sets": "Skupiny datových prvků",
      "Data sets": "Datové sady",
      "Data set notifications": "Oznámení sady dat",
      "Indicators": "Indikátory",
      "Indicator types": "Typy indikátorů",
      "Indicator groups": "Skupiny indikátorů",
      "Indicator group sets": "Sady skupin indikátorů",
      "Program indicators": "Indikátory programu",
      "Program indicator groups": "Skupiny indikátorů programu",
      "Organisation units": "Organizační jednotky",
      "Organisaiton unit groups": "Organisaiton unit groups",
      "Organisation unit group sets": "Sady skupin organizačních jednotek",
      "Organisation unit levels": "Úrovně organizačních jednotek",
      "Hierarchy operations": "Hierarchické operace",
      "Programs": "Programy",
      "Tracked entity attributes": "Tracked entity attributes",
      "Relationship types": "Typy vztahů",
      "Tracked entity types": "typy trasovaných entit",
      "Program rules": "Pravidla programu",
      "Program rule variables": "Proměnné pravidla programu",
      "Validation rules": "Pravidla ověřování",
      "Validation rule groups": "Skupiny pravidel ověření",
      "Validation notifications": "Validation notifications",
      "Constants": "Konstanty",
      "Attributes": "Atributy",
      "Option sets": "Sady možností",
      "Option groups": "Skupiny možností",
      "Option group sets": "Sady skupin možností",
      "Legends": "Legendy",
      "Predictors": "Prediktory",
      "Predictor groups": "Skupiny prediktorů",
      "Push analysis": "Analýza push",
      "External map layers": "Externí mapové vrstvy",
      "Data approval levels": "Úrovně schválení dat",
      "Data approval workflows": "Pracovní postupy pro schvalování dat",
      "Locales": "Národní prostředí",
      "SQL views": "SQL pohledy",
      "Icons": "Icons",
      "Analytics table hooks": "Hooks analytických tabulek"
    },
    "title": "Aplikace Údržba",
    "description": "DHIS2 Maintenance app"
  },
  {
    "locale": "da",
    "shortcuts": {
      "Categories": "Categories",
      "Category options": "Category options",
      "Category combinations": "Category combinations",
      "Category option combinations": "Category option combinations",
      "Category option groups": "Category option groups",
      "Category option group sets": "Category option group sets",
      "Data elements": "Data elements",
      "Data element groups ": "Data element groups",
      "Data element group sets": "Data element group sets",
      "Data sets": "Data sets",
      "Data set notifications": "Data set notifications",
      "Indicators": "Indicators",
      "Indicator types": "Indicator types",
      "Indicator groups": "Indicator groups",
      "Indicator group sets": "Indicator group sets",
      "Program indicators": "Program indicators",
      "Program indicator groups": "Program indicator groups",
      "Organisation units": "Organisation units",
      "Organisaiton unit groups": "Organisaiton unit groups",
      "Organisation unit group sets": "Organisation unit group sets",
      "Organisation unit levels": "Organisation unit levels",
      "Hierarchy operations": "Hierarchy operations",
      "Programs": "Programs",
      "Tracked entity attributes": "Tracked entity attributes",
      "Relationship types": "Relationship types",
      "Tracked entity types": "Tracked entity types",
      "Program rules": "Program rules",
      "Program rule variables": "Program rule variables",
      "Validation rules": "Validation rules",
      "Validation rule groups": "Validation rule groups",
      "Validation notifications": "Validation notifications",
      "Constants": "Constants",
      "Attributes": "Attributes",
      "Option sets": "Option sets",
      "Option groups": "Option groups",
      "Option group sets": "Option group sets",
      "Legends": "Legends",
      "Predictors": "Predictors",
      "Predictor groups": "Predictor groups",
      "Push analysis": "Push analysis",
      "External map layers": "External map layers",
      "Data approval levels": "Data approval levels",
      "Data approval workflows": "Data approval workflows",
      "Locales": "Locales",
      "SQL views": "SQL views",
      "Icons": "Icons",
      "Analytics table hooks": "Analytics table hooks"
    },
    "title": "Maintenance app",
    "description": "DHIS2 Maintenance app"
  },
  {
    "locale": "en",
    "shortcuts": {
      "Categories": "Categories",
      "Category options": "Category options",
      "Category combinations": "Category combinations",
      "Category option combinations": "Category option combinations",
      "Category option groups": "Category option groups",
      "Category option group sets": "Category option group sets",
      "Data elements": "Data elements",
      "Data element groups ": "Data element groups ",
      "Data element group sets": "Data element group sets",
      "Data sets": "Data sets",
      "Data set notifications": "Data set notifications",
      "Indicators": "Indicators",
      "Indicator types": "Indicator types",
      "Indicator groups": "Indicator groups",
      "Indicator group sets": "Indicator group sets",
      "Program indicators": "Program indicators",
      "Program indicator groups": "Program indicator groups",
      "Organisation units": "Organisation units",
      "Organisaiton unit groups": "Organisaiton unit groups",
      "Organisation unit group sets": "Organisation unit group sets",
      "Organisation unit levels": "Organisation unit levels",
      "Hierarchy operations": "Hierarchy operations",
      "Programs": "Programs",
      "Tracked entity attributes": "Tracked entity attributes",
      "Relationship types": "Relationship types",
      "Tracked entity types": "Tracked entity types",
      "Program rules": "Program rules",
      "Program rule variables": "Program rule variables",
      "Validation rules": "Validation rules",
      "Validation rule groups": "Validation rule groups",
      "Validation notifications": "Validation notifications",
      "Constants": "Constants",
      "Attributes": "Attributes",
      "Option sets": "Option sets",
      "Option groups": "Option groups",
      "Option group sets": "Option group sets",
      "Legends": "Legends",
      "Predictors": "Predictors",
      "Predictor groups": "Predictor groups",
      "Push analysis": "Push analysis",
      "External map layers": "External map layers",
      "Data approval levels": "Data approval levels",
      "Data approval workflows": "Data approval workflows",
      "Locales": "Locales",
      "SQL views": "SQL views",
      "Icons": "Icons",
      "Analytics table hooks": "Analytics table hooks"
    },
    "title": "Maintenance app",
    "description": "DHIS2 Maintenance app"
  },
  {
    "locale": "es",
    "shortcuts": {
      "Categories": "Categorías",
      "Category options": "Opciones de categoría",
      "Category combinations": "Category combinations",
      "Category option combinations": "Category option combinations",
      "Category option groups": "Category option groups",
      "Category option group sets": "Category option group sets",
      "Data elements": "Elementos de datos",
      "Data element groups ": "Grupos de elementos de datos",
      "Data element group sets": "Set de grupos de elementos de datos",
      "Data sets": "Sets de datos",
      "Data set notifications": "Notificaciones del set de datos",
      "Indicators": "Indicadores",
      "Indicator types": "Tipos de indicador",
      "Indicator groups": "Grupos de indicadores",
      "Indicator group sets": "Indicator group sets",
      "Program indicators": "Indicadores de programa",
      "Program indicator groups": "Program indicator groups",
      "Organisation units": "Unidades organizativas",
      "Organisaiton unit groups": "Organisaiton unit groups",
      "Organisation unit group sets": "Organisation unit group sets",
      "Organisation unit levels": "Organisation unit levels",
      "Hierarchy operations": "Operaciones de jerarquía",
      "Programs": "Programas",
      "Tracked entity attributes": "Tracked entity attributes",
      "Relationship types": "Tipos de relación",
      "Tracked entity types": "Tipos de entidad de Tracker",
      "Program rules": "Program rules",
      "Program rule variables": "Variables de las reglas del programa",
      "Validation rules": "Reglas de validación",
      "Validation rule groups": "Validation rule groups",
      "Validation notifications": "Validation notifications",
      "Constants": "Constantes",
      "Attributes": "Atributos",
      "Option sets": "Set de opciones",
      "Option groups": "Option groups",
      "Option group sets": "Option group sets",
      "Legends": "Leyendas",
      "Predictors": "Predictors",
      "Predictor groups": "Predictor groups",
      "Push analysis": "Push analysis",
      "External map layers": "External map layers",
      "Data approval levels": "Niveles de aprobación de datos",
      "Data approval workflows": "Data approval workflows",
      "Locales": "Locales",
      "SQL views": "SQL views",
      "Icons": "Icons",
      "Analytics table hooks": "Analytics table hooks"
    },
    "title": "Maintenance app",
    "description": "DHIS2 Maintenance app"
  },
  {
    "locale": "es_419",
    "shortcuts": {
      "Categories": "Categories",
      "Category options": "Category options",
      "Category combinations": "Category combinations",
      "Category option combinations": "Category option combinations",
      "Category option groups": "Category option groups",
      "Category option group sets": "Category option group sets",
      "Data elements": "Data elements",
      "Data element groups ": "Data element groups",
      "Data element group sets": "Data element group sets",
      "Data sets": "Sets de datos",
      "Data set notifications": "Data set notifications",
      "Indicators": "Indicadores",
      "Indicator types": "Indicator types",
      "Indicator groups": "Indicator groups",
      "Indicator group sets": "Indicator group sets",
      "Program indicators": "Program indicators",
      "Program indicator groups": "Program indicator groups",
      "Organisation units": "Organisation units",
      "Organisaiton unit groups": "Organisaiton unit groups",
      "Organisation unit group sets": "Organisation unit group sets",
      "Organisation unit levels": "Organisation unit levels",
      "Hierarchy operations": "Hierarchy operations",
      "Programs": "Programas",
      "Tracked entity attributes": "Tracked entity attributes",
      "Relationship types": "Relationship types",
      "Tracked entity types": "Tracked entity types",
      "Program rules": "Program rules",
      "Program rule variables": "Program rule variables",
      "Validation rules": "Validation rules",
      "Validation rule groups": "Validation rule groups",
      "Validation notifications": "Validation notifications",
      "Constants": "Constants",
      "Attributes": "Atributos",
      "Option sets": "Option sets",
      "Option groups": "Option groups",
      "Option group sets": "Option group sets",
      "Legends": "Legends",
      "Predictors": "Predictors",
      "Predictor groups": "Predictor groups",
      "Push analysis": "Push analysis",
      "External map layers": "External map layers",
      "Data approval levels": "Data approval levels",
      "Data approval workflows": "Data approval workflows",
      "Locales": "Locales",
      "SQL views": "SQL views",
      "Icons": "Icons",
      "Analytics table hooks": "Analytics table hooks"
    },
    "title": "Maintenance app",
    "description": "DHIS2 Maintenance app"
  },
  {
    "locale": "fr",
    "shortcuts": {
      "Categories": "Catégories",
      "Category options": "Options de catégorie",
      "Category combinations": "Combinaisons de catégories",
      "Category option combinations": "Combinaisons d'options de catégories",
      "Category option groups": "Category option groups",
      "Category option group sets": "Ensembles de groupes d'options de catégories",
      "Data elements": "Eléments de donnée",
      "Data element groups ": "Groupes d'élément de données",
      "Data element group sets": "Ensemble de groupes d'éléments de données",
      "Data sets": "Ensembles de données",
      "Data set notifications": "Notifications de l'ensemble de données",
      "Indicators": "Indicateurs",
      "Indicator types": "Types d'indicateur",
      "Indicator groups": "Groupes d'indicateurs",
      "Indicator group sets": "Ensemble de groupes d'indicateurs",
      "Program indicators": "Indicateurs de programme",
      "Program indicator groups": "Groupes d'indicateurs de programme",
      "Organisation units": "Unités d'organisation",
      "Organisaiton unit groups": "Organisaiton unit groups",
      "Organisation unit group sets": "Ensemble de groupes d'unités d'organisation",
      "Organisation unit levels": "Niveaux des unités d'organisation",
      "Hierarchy operations": "Opérations de hiérarchie",
      "Programs": "Programmes",
      "Tracked entity attributes": "Tracked entity attributes",
      "Relationship types": "Types de relations",
      "Tracked entity types": "Types d'entité suivie",
      "Program rules": "Règles de programme",
      "Program rule variables": "Variables de règle de programme",
      "Validation rules": "Règles de validation",
      "Validation rule groups": "Groupes de règles de validation",
      "Validation notifications": "Validation notifications",
      "Constants": "Constantes",
      "Attributes": "Les attributs",
      "Option sets": "Ensembles d'options",
      "Option groups": "Groupes d'options",
      "Option group sets": "Ensembles de groupes d'options",
      "Legends": "Légendes",
      "Predictors": "Prédicteurs",
      "Predictor groups": "Groupes de prédicteurs",
      "Push analysis": "Analyse push",
      "External map layers": "Couches de carte externes",
      "Data approval levels": "Niveaux d'approbation des données",
      "Data approval workflows": "Workflows d'approbation de données",
      "Locales": "Langues",
      "SQL views": "Vues SQL",
      "Icons": "Icons",
      "Analytics table hooks": "Analytics table hooks"
    },
    "title": "Application Maintenance",
    "description": "DHIS2 Maintenance app"
  },
  {
    "locale": "hi_IN",
    "shortcuts": {}
  },
  {
    "locale": "id",
    "shortcuts": {
      "Categories": "Kategori",
      "Category options": "Category options",
      "Category combinations": "Category combinations",
      "Category option combinations": "Category option combinations",
      "Category option groups": "Category option groups",
      "Category option group sets": "Category option group sets",
      "Data elements": "Data elemen",
      "Data element groups ": "Grup data elemen",
      "Data element group sets": "Data element group sets",
      "Data sets": "Data set",
      "Data set notifications": "Data set notifications",
      "Indicators": "Indikator",
      "Indicator types": "Tipe indikator",
      "Indicator groups": "Grup indikator",
      "Indicator group sets": "Indicator group sets",
      "Program indicators": "Indikator program",
      "Program indicator groups": "Program indicator groups",
      "Organisation units": "Unit organisasi",
      "Organisaiton unit groups": "Organisaiton unit groups",
      "Organisation unit group sets": "Organisation unit group sets",
      "Organisation unit levels": "Organisation unit levels",
      "Hierarchy operations": "Sistem hierarki",
      "Programs": "Program-program",
      "Tracked entity attributes": "Tracked entity attributes",
      "Relationship types": "Relationship types",
      "Tracked entity types": "Tracked entity types",
      "Program rules": "Program rules",
      "Program rule variables": "Program rule variables",
      "Validation rules": "Aturan validasi",
      "Validation rule groups": "Validation rule groups",
      "Validation notifications": "Validation notifications",
      "Constants": "Constants",
      "Attributes": "Atribut",
      "Option sets": "Set opsi",
      "Option groups": "Option groups",
      "Option group sets": "Option group sets",
      "Legends": "Legenda",
      "Predictors": "Predictors",
      "Predictor groups": "Predictor groups",
      "Push analysis": "Push analysis",
      "External map layers": "External map layers",
      "Data approval levels": "Data approval levels",
      "Data approval workflows": "Data approval workflows",
      "Locales": "Locales",
      "SQL views": "SQL views",
      "Icons": "Icons",
      "Analytics table hooks": "Analytics table hooks"
    },
    "title": "Maintenance app",
    "description": "DHIS2 Maintenance app"
  },
  {
    "locale": "km",
    "shortcuts": {
      "Categories": "Categories",
      "Category options": "Category options",
      "Category combinations": "Category combinations",
      "Category option combinations": "Category option combinations",
      "Category option groups": "Category option groups",
      "Category option group sets": "Category option group sets",
      "Data elements": "Data elements",
      "Data element groups ": "Data element groups",
      "Data element group sets": "Data element group sets",
      "Data sets": "Data sets",
      "Data set notifications": "Data set notifications",
      "Indicators": "Indicators",
      "Indicator types": "Indicator types",
      "Indicator groups": "Indicator groups",
      "Indicator group sets": "Indicator group sets",
      "Program indicators": "Program indicators",
      "Program indicator groups": "Program indicator groups",
      "Organisation units": "Organisation units",
      "Organisaiton unit groups": "Organisaiton unit groups",
      "Organisation unit group sets": "Organisation unit group sets",
      "Organisation unit levels": "Organisation unit levels",
      "Hierarchy operations": "Hierarchy operations",
      "Programs": "Programs",
      "Tracked entity attributes": "Tracked entity attributes",
      "Relationship types": "Relationship types",
      "Tracked entity types": "Tracked entity types",
      "Program rules": "Program rules",
      "Program rule variables": "Program rule variables",
      "Validation rules": "Validation rules",
      "Validation rule groups": "Validation rule groups",
      "Validation notifications": "Validation notifications",
      "Constants": "Constants",
      "Attributes": "លក្ខណៈ (Attributes)",
      "Option sets": "Option sets",
      "Option groups": "Option groups",
      "Option group sets": "Option group sets",
      "Legends": "Legends",
      "Predictors": "Predictors",
      "Predictor groups": "Predictor groups",
      "Push analysis": "Push analysis",
      "External map layers": "External map layers",
      "Data approval levels": "Data approval levels",
      "Data approval workflows": "Data approval workflows",
      "Locales": "Locales",
      "SQL views": "SQL views",
      "Icons": "Icons",
      "Analytics table hooks": "Analytics table hooks"
    },
    "title": "Maintenance app",
    "description": "DHIS2 Maintenance app"
  },
  {
    "locale": "lo",
    "shortcuts": {
      "Categories": "ປະເພດ",
      "Category options": "Category options",
      "Category combinations": "Category combinations",
      "Category option combinations": "Category option combinations",
      "Category option groups": "Category option groups",
      "Category option group sets": "Category option group sets",
      "Data elements": "ອົງປະກອບຂໍ້ມູນ",
      "Data element groups ": "Data Element Groups",
      "Data element group sets": "Data element group sets",
      "Data sets": "ແບບຟອມ",
      "Data set notifications": "Data set notifications",
      "Indicators": "ຕົວຊີ້ວັດ",
      "Indicator types": "Indicator types",
      "Indicator groups": "ກຸ່ມຕົວຊີ້ວັດ",
      "Indicator group sets": "Indicator group sets",
      "Program indicators": "ຕົວຊີ້ວັດສະເພາະວຽກຂອງຂະແໜງ",
      "Program indicator groups": "Program indicator groups",
      "Organisation units": "ໂຄງຮ່າງການຈັດຕັ້ງ",
      "Organisaiton unit groups": "Organisaiton unit groups",
      "Organisation unit group sets": "Organisation unit group sets",
      "Organisation unit levels": "Organisation unit levels",
      "Hierarchy operations": "Hierarchy Operations",
      "Programs": "ສາຍງານ",
      "Tracked entity attributes": "Tracked entity attributes",
      "Relationship types": "Relationship types",
      "Tracked entity types": "Tracked entity types",
      "Program rules": "Program rules",
      "Program rule variables": "Program rule variables",
      "Validation rules": "ການກວດສອບ ຄວາມຖືກຕ້ອງ",
      "Validation rule groups": "Validation rule groups",
      "Validation notifications": "Validation notifications",
      "Constants": "ຄົງຄ່າ",
      "Attributes": "Attributes",
      "Option sets": "Option sets",
      "Option groups": "Option groups",
      "Option group sets": "Option group sets",
      "Legends": "Legends",
      "Predictors": "Predictors",
      "Predictor groups": "Predictor groups",
      "Push analysis": "Push analysis",
      "External map layers": "External map layers",
      "Data approval levels": "Data approval levels",
      "Data approval workflows": "Data approval workflows",
      "Locales": "Locales",
      "SQL views": "SQL views",
      "Icons": "Icons",
      "Analytics table hooks": "Analytics table hooks"
    },
    "title": "ການຮັກສາສ້ອມແປງ",
    "description": "DHIS2 Maintenance app"
  },
  {
    "locale": "my",
    "shortcuts": {
      "Categories": "Categories",
      "Category options": "category options",
      "Category combinations": "Category combinations",
      "Category option combinations": "Category option combinations",
      "Category option groups": "Category option groups",
      "Category option group sets": "Category option group sets",
      "Data elements": "အချက်အလတ်အစိတ်အပိုင်းများ",
      "Data element groups ": "စာတိုင်အုပ်စု",
      "Data element group sets": "Data element group sets",
      "Data sets": "စီမံချက်",
      "Data set notifications": "Data set notifications",
      "Indicators": "အညွှန်းများ",
      "Indicator types": "Indicator types",
      "Indicator groups": "အညွှန်းကိန်းအုပ်စု",
      "Indicator group sets": "Indicator group sets",
      "Program indicators": "Program indicators",
      "Program indicator groups": "Program indicator groups",
      "Organisation units": "Organisation units",
      "Organisaiton unit groups": "Organisaiton unit groups",
      "Organisation unit group sets": "Organisation unit group sets",
      "Organisation unit levels": "Organisation unit levels",
      "Hierarchy operations": "Hierarchy operations",
      "Programs": "Programs",
      "Tracked entity attributes": "Tracked entity attributes",
      "Relationship types": "Relationship types",
      "Tracked entity types": "Tracked entity types",
      "Program rules": "Program rules",
      "Program rule variables": "Program rule variables",
      "Validation rules": "မှန်ကန်ခြင်းစစ်ဆေးရန်စည်းမျဉ်းများ",
      "Validation rule groups": "Validation rule groups",
      "Validation notifications": "Validation notifications",
      "Constants": "ကိန်းသေများ",
      "Attributes": "Attributes",
      "Option sets": "Option sets",
      "Option groups": "Option groups",
      "Option group sets": "Option group sets",
      "Legends": "Legends",
      "Predictors": "Predictors",
      "Predictor groups": "Predictor groups",
      "Push analysis": "Push analysis",
      "External map layers": "External map layers",
      "Data approval levels": "Data approval levels",
      "Data approval workflows": "Data approval workflows",
      "Locales": "Locales",
      "SQL views": "SQL views",
      "Icons": "Icons",
      "Analytics table hooks": "Analytics table hooks"
    },
    "title": "Maintenance app",
    "description": "DHIS2 Maintenance app"
  },
  {
    "locale": "nb",
    "shortcuts": {
      "Categories": "Kategorier",
      "Category options": "Kategorialternativer",
      "Category combinations": "Kategorikombinasjoner",
      "Category option combinations": "Kategorialternativ kombinasjoner",
      "Category option groups": "Category option groups",
      "Category option group sets": "Kategorialternativ gruppesett",
      "Data elements": "Dataelementer",
      "Data element groups ": "Dataelementgrupper",
      "Data element group sets": "Dataelementgruppesett",
      "Data sets": "Datasett",
      "Data set notifications": "Datasettvarsler",
      "Indicators": "Indikatorer",
      "Indicator types": "Indikatortyper",
      "Indicator groups": "Indikatorgrupper",
      "Indicator group sets": "Indikatorgruppesett",
      "Program indicators": "Programindikatorer",
      "Program indicator groups": "Programindikatorgrupper",
      "Organisation units": "Organisasjonsenheter",
      "Organisaiton unit groups": "Organisaiton unit groups",
      "Organisation unit group sets": "Organisasjonsenhet gruppesett",
      "Organisation unit levels": "Organisasjonsenhetnivåer",
      "Hierarchy operations": "Hierarki-operasjoner",
      "Programs": "Programmer",
      "Tracked entity attributes": "Tracked entity attributes",
      "Relationship types": "Relasjonstyper",
      "Tracked entity types": "Sporet enhetstyper",
      "Program rules": "Programregler",
      "Program rule variables": "Programregelvariabler",
      "Validation rules": "Valideringsregler",
      "Validation rule groups": "Valideringsregelgrupper",
      "Validation notifications": "Validation notifications",
      "Constants": "Konstanter",
      "Attributes": "Attributter",
      "Option sets": "Alternativsett",
      "Option groups": "Alternativgruppe",
      "Option group sets": "Alternativgruppesett",
      "Legends": "Tegnforklaringer",
      "Predictors": "Prediktorer",
      "Predictor groups": "Prediktorgrupper",
      "Push analysis": "Push-analyse",
      "External map layers": "Eksterne kartlag",
      "Data approval levels": "Datagodkjenningsnivåer",
      "Data approval workflows": "Arbeidsflyt for datagodkjenning",
      "Locales": "Steder",
      "SQL views": "SQL visninger",
      "Icons": "Icons",
      "Analytics table hooks": "Analytics table hooks"
    },
    "title": "Metadata manager-app",
    "description": "DHIS2 Maintenance app"
  },
  {
    "locale": "ne",
    "shortcuts": {}
  },
  {
    "locale": "nl",
    "shortcuts": {
      "Categories": "Categories",
      "Category options": "Category options",
      "Category combinations": "Category combinations",
      "Category option combinations": "Category option combinations",
      "Category option groups": "Category option groups",
      "Category option group sets": "Category option group sets",
      "Data elements": "Gegevenselementen",
      "Data element groups ": "Data element groups",
      "Data element group sets": "Data element group sets",
      "Data sets": "Gegevensreeksen",
      "Data set notifications": "Data set notifications",
      "Indicators": "Indicatoren",
      "Indicator types": "Indicator types",
      "Indicator groups": "Indicator groups",
      "Indicator group sets": "Indicator group sets",
      "Program indicators": "Programmaindicators",
      "Program indicator groups": "Program indicator groups",
      "Organisation units": "Organisatieëenheden",
      "Organisaiton unit groups": "Organisaiton unit groups",
      "Organisation unit group sets": "Organisation unit group sets",
      "Organisation unit levels": "Organisation unit levels",
      "Hierarchy operations": "Hierarchy operations",
      "Programs": "Programma's",
      "Tracked entity attributes": "Tracked entity attributes",
      "Relationship types": "Relationship types",
      "Tracked entity types": "Tracked entity types",
      "Program rules": "Program rules",
      "Program rule variables": "Program rule variables",
      "Validation rules": "Validation rules",
      "Validation rule groups": "Validation rule groups",
      "Validation notifications": "Validation notifications",
      "Constants": "Constants",
      "Attributes": "attributen",
      "Option sets": "Option sets",
      "Option groups": "Option groups",
      "Option group sets": "Option group sets",
      "Legends": "Legends",
      "Predictors": "Predictors",
      "Predictor groups": "Predictor groups",
      "Push analysis": "Push analysis",
      "External map layers": "External map layers",
      "Data approval levels": "Data approval levels",
      "Data approval workflows": "Data approval workflows",
      "Locales": "Locales",
      "SQL views": "SQL views",
      "Icons": "Icons",
      "Analytics table hooks": "Analytics table hooks"
    },
    "title": "Maintenance app",
    "description": "DHIS2 Maintenance app"
  },
  {
    "locale": "prs",
    "shortcuts": {
      "Categories": "کتگوری ها",
      "Category options": "کتگوری گزینه ها",
      "Category combinations": "Category combinations",
      "Category option combinations": "Category option combinations",
      "Category option groups": "Category option groups",
      "Category option group sets": "Category option group sets",
      "Data elements": "دیتا ایلمنت ها",
      "Data element groups ": "گروپ های عنصر اطلاعات",
      "Data element group sets": "Data element group sets",
      "Data sets": "دیتا سیت ها",
      "Data set notifications": "Data set notifications",
      "Indicators": "شاخص ها",
      "Indicator types": "شاخص ها",
      "Indicator groups": "گروپ های شاخص",
      "Indicator group sets": "Indicator group sets",
      "Program indicators": "د پروګرام شاخصونه",
      "Program indicator groups": "Program indicator groups",
      "Organisation units": "واحد های سازمان",
      "Organisaiton unit groups": "Organisaiton unit groups",
      "Organisation unit group sets": "Organisation unit group sets",
      "Organisation unit levels": "سطح واحد سازمان",
      "Hierarchy operations": "ساختار عملیات ها",
      "Programs": "برنامه ها",
      "Tracked entity attributes": "Tracked entity attributes",
      "Relationship types": "Relationship types",
      "Tracked entity types": "Tracked entity types",
      "Program rules": "Program rules",
      "Program rule variables": "Program rule variables",
      "Validation rules": "قانون های اعتبار سنجی",
      "Validation rule groups": "Validation rule groups",
      "Validation notifications": "Validation notifications",
      "Constants": "ثابت",
      "Attributes": "مشخصات",
      "Option sets": "Option sets",
      "Option groups": "Option groups",
      "Option group sets": "Option group sets",
      "Legends": "نښې او علایم",
      "Predictors": "Predictors",
      "Predictor groups": "Predictor groups",
      "Push analysis": "فشار تحلیل و تجزیه",
      "External map layers": "External map layers",
      "Data approval levels": "سطوح منظوری اطلاعات",
      "Data approval workflows": "Data approval workflows",
      "Locales": "Locales",
      "SQL views": "SQL views",
      "Icons": "Icons",
      "Analytics table hooks": "Analytics table hooks"
    },
    "title": "مشاهده مودل حفظ و مراقبت استفاده کننده",
    "description": "DHIS2 Maintenance app"
  },
  {
    "locale": "ps",
    "shortcuts": {
      "Categories": "کټګورۍ",
      "Category options": "Category options",
      "Category combinations": "Category combinations",
      "Category option combinations": "Category option combinations",
      "Category option groups": "Category option groups",
      "Category option group sets": "Category option group sets",
      "Data elements": "د مالوماتو (ډاټا) برخې",
      "Data element groups ": "د مالوماتو د برخې ګروپونه",
      "Data element group sets": "Data element group sets",
      "Data sets": "د مالوماتو یا ډاټا ټولګې",
      "Data set notifications": "Data set notifications",
      "Indicators": "شاخصونه",
      "Indicator types": "Indicator types",
      "Indicator groups": "د ګروپونو شاخص",
      "Indicator group sets": "Indicator group sets",
      "Program indicators": "د پروګرام شاخص",
      "Program indicator groups": "Program indicator groups",
      "Organisation units": "د سازمان واحدونه",
      "Organisaiton unit groups": "Organisaiton unit groups",
      "Organisation unit group sets": "Organisation unit group sets",
      "Organisation unit levels": "Organisation unit levels",
      "Hierarchy operations": "Hierarchy operations",
      "Programs": "پروګرامونه",
      "Tracked entity attributes": "Tracked entity attributes",
      "Relationship types": "Relationship types",
      "Tracked entity types": "Tracked entity types",
      "Program rules": "Program rules",
      "Program rule variables": "Program rule variables",
      "Validation rules": "د تصدیق یا اعتبار قواعد",
      "Validation rule groups": "Validation rule groups",
      "Validation notifications": "Validation notifications",
      "Constants": "ثابت عددونه",
      "Attributes": "Attributes",
      "Option sets": "Option sets",
      "Option groups": "Option groups",
      "Option group sets": "Option group sets",
      "Legends": "لیجند ها",
      "Predictors": "Predictors",
      "Predictor groups": "Predictor groups",
      "Push analysis": "د تحلیل او تجزیې پر مخ بېول",
      "External map layers": "External map layers",
      "Data approval levels": "د ډاټا یا مالوماتو د منظورۍ سطحې",
      "Data approval workflows": "Data approval workflows",
      "Locales": "Locales",
      "SQL views": "SQL views",
      "Icons": "Icons",
      "Analytics table hooks": "Analytics table hooks"
    },
    "title": "د کاروونکي د څارنې او مراقبت نمونه وګورئ",
    "description": "DHIS2 Maintenance app"
  },
  {
    "locale": "pt",
    "shortcuts": {
      "Categories": "Categorias",
      "Category options": "Opções de categorias",
      "Category combinations": "Combinação de categorias ",
      "Category option combinations": "Combinações de opção de categoria",
      "Category option groups": "Category option groups",
      "Category option group sets": "Conjuntos de grupos de opções de categoria",
      "Data elements": "Elementos de Dados",
      "Data element groups ": "Grupos de Elementos de Dados",
      "Data element group sets": "Conjuntos de grupos de elementos de dados",
      "Data sets": "Conjunto de dados",
      "Data set notifications": "Notificações do conjunto de dados",
      "Indicators": "Indicadores",
      "Indicator types": "Tipos de indicador",
      "Indicator groups": "Grupos de Indicadores",
      "Indicator group sets": "Conjuntos de grupos de indicadores",
      "Program indicators": "Indicador do programa",
      "Program indicator groups": "Grupos de indicadores de programa",
      "Organisation units": "Unidades organizacionais",
      "Organisaiton unit groups": "Organisaiton unit groups",
      "Organisation unit group sets": "Conjuntos de grupos de unidades organizacionais",
      "Organisation unit levels": "Níveis de unidade organizacional",
      "Hierarchy operations": "Operações de hierarquias",
      "Programs": "Programas",
      "Tracked entity attributes": "Tracked entity attributes",
      "Relationship types": "Tipos de relacionamentos ",
      "Tracked entity types": "Tipos de entidade rastreada ",
      "Program rules": "Regras de programa ",
      "Program rule variables": "Variáveis ​​de regra de programa",
      "Validation rules": "Regras de validação",
      "Validation rule groups": "Grupo de regras de validação",
      "Validation notifications": "Validation notifications",
      "Constants": "Constantes",
      "Attributes": "Atributos",
      "Option sets": "Conjuntos de opções",
      "Option groups": "Grupo de opções ",
      "Option group sets": "Grupo de conjuntos de opções",
      "Legends": "Legendas",
      "Predictors": "Preditores",
      "Predictor groups": "Grupos preditores",
      "Push analysis": "Análise push",
      "External map layers": "Camadas de mapa externas",
      "Data approval levels": "Níveis de aprovação de dados",
      "Data approval workflows": "Fluxos de trabalho de aprovação de dados",
      "Locales": "Localidades",
      "SQL views": "Visualizações SQL",
      "Icons": "Icons",
      "Analytics table hooks": "Analytics table hooks"
    },
    "title": "Aplicativo de manutenção",
    "description": "DHIS2 Maintenance app"
  },
  {
    "locale": "pt_BR",
    "shortcuts": {
      "Categories": "Categorias",
      "Category options": "Opções de categorias",
      "Category combinations": "Category combinations",
      "Category option combinations": "Category option combinations",
      "Category option groups": "Category option groups",
      "Category option group sets": "Category option group sets",
      "Data elements": "Os elementos de dados",
      "Data element groups ": "Grupos de Elementos de Dados",
      "Data element group sets": "Data element group sets",
      "Data sets": "Agregação de Dados",
      "Data set notifications": "Data set notifications",
      "Indicators": "Indicadores",
      "Indicator types": "Tipos de indicador",
      "Indicator groups": "Grupos de Indicadores",
      "Indicator group sets": "Indicator group sets",
      "Program indicators": "Program indicators",
      "Program indicator groups": "Program indicator groups",
      "Organisation units": "Unidades organizacionais",
      "Organisaiton unit groups": "Organisaiton unit groups",
      "Organisation unit group sets": "Organisation unit group sets",
      "Organisation unit levels": "Organisation unit levels",
      "Hierarchy operations": "Operações de hierarquias",
      "Programs": "Programas",
      "Tracked entity attributes": "Tracked entity attributes",
      "Relationship types": "Relationship types",
      "Tracked entity types": "Tracked entity types",
      "Program rules": "Program rules",
      "Program rule variables": "Program rule variables",
      "Validation rules": "Regras de validação",
      "Validation rule groups": "Validation rule groups",
      "Validation notifications": "Validation notifications",
      "Constants": "Constantes",
      "Attributes": "Atributos",
      "Option sets": "Option sets",
      "Option groups": "Option groups",
      "Option group sets": "Option group sets",
      "Legends": "Legendas",
      "Predictors": "Predictors",
      "Predictor groups": "Predictor groups",
      "Push analysis": "Push analysis",
      "External map layers": "External map layers",
      "Data approval levels": "Data approval levels",
      "Data approval workflows": "Data approval workflows",
      "Locales": "Locales",
      "SQL views": "SQL views",
      "Icons": "Icons",
      "Analytics table hooks": "Analytics table hooks"
    },
    "title": "Maintenance app",
    "description": "DHIS2 Maintenance app"
  },
  {
    "locale": "ro",
    "shortcuts": {
      "Categories": "Categories",
      "Category options": "Category options",
      "Category combinations": "Category combinations",
      "Category option combinations": "Category option combinations",
      "Category option groups": "Category option groups",
      "Category option group sets": "Category option group sets",
      "Data elements": "Elemente de date",
      "Data element groups ": "Data element groups",
      "Data element group sets": "Data element group sets",
      "Data sets": "Data sets",
      "Data set notifications": "Data set notifications",
      "Indicators": "Indicatori",
      "Indicator types": "Indicator types",
      "Indicator groups": "Indicator groups",
      "Indicator group sets": "Indicator group sets",
      "Program indicators": "Program indicators",
      "Program indicator groups": "Program indicator groups",
      "Organisation units": "Unități organizaționale",
      "Organisaiton unit groups": "Organisaiton unit groups",
      "Organisation unit group sets": "Organisation unit group sets",
      "Organisation unit levels": "Organisation unit levels",
      "Hierarchy operations": "Hierarchy operations",
      "Programs": "Programs",
      "Tracked entity attributes": "Tracked entity attributes",
      "Relationship types": "Relationship types",
      "Tracked entity types": "Tracked entity types",
      "Program rules": "Program rules",
      "Program rule variables": "Program rule variables",
      "Validation rules": "Validation rules",
      "Validation rule groups": "Validation rule groups",
      "Validation notifications": "Validation notifications",
      "Constants": "Constants",
      "Attributes": "Attributes",
      "Option sets": "Option sets",
      "Option groups": "Option groups",
      "Option group sets": "Option group sets",
      "Legends": "Legends",
      "Predictors": "Predictors",
      "Predictor groups": "Predictor groups",
      "Push analysis": "Push analysis",
      "External map layers": "External map layers",
      "Data approval levels": "Data approval levels",
      "Data approval workflows": "Data approval workflows",
      "Locales": "Locales",
      "SQL views": "SQL views",
      "Icons": "Icons",
      "Analytics table hooks": "Analytics table hooks"
    },
    "title": "Maintenance app",
    "description": "DHIS2 Maintenance app"
  },
  {
    "locale": "ru",
    "shortcuts": {
      "Categories": "Категории",
      "Category options": "Опции категории",
      "Category combinations": "Комбинации категорий",
      "Category option combinations": "Комбинации опций категорий",
      "Category option groups": "Category option groups",
      "Category option group sets": "Наборы групп опций категорий",
      "Data elements": "Элементы данных",
      "Data element groups ": "Группы элементов данных",
      "Data element group sets": "Наборы групп элементов данных",
      "Data sets": "Наборы данных",
      "Data set notifications": "Уведомления набора данных",
      "Indicators": "Индикаторы",
      "Indicator types": "Виды индикаторов",
      "Indicator groups": "Группы индикаторов",
      "Indicator group sets": "Наборы групп индикаторов",
      "Program indicators": "Индикаторы программы",
      "Program indicator groups": "Группы индикаторов программ",
      "Organisation units": "Организационные единицы",
      "Organisaiton unit groups": "Organisaiton unit groups",
      "Organisation unit group sets": "Набор групп организационных единиц",
      "Organisation unit levels": "Уровни организационных единиц",
      "Hierarchy operations": "Иерархия операций",
      "Programs": "Программы",
      "Tracked entity attributes": "Tracked entity attributes",
      "Relationship types": "Типы связи",
      "Tracked entity types": "Типы отслеживаемых объектов",
      "Program rules": "Правила программ",
      "Program rule variables": "Переменные правила программы",
      "Validation rules": "Правила проверки",
      "Validation rule groups": "Группы правил проверки",
      "Validation notifications": "Validation notifications",
      "Constants": "Постоянные",
      "Attributes": "Атрибуты",
      "Option sets": "Наборы опций",
      "Option groups": "Группы опций",
      "Option group sets": "Наборы групп опций",
      "Legends": "Условные обозначения",
      "Predictors": "Предикторы",
      "Predictor groups": "Группа предикторов",
      "Push analysis": "Push-анализ",
      "External map layers": "Внешние слои карты",
      "Data approval levels": "Уровни подтверждения данных",
      "Data approval workflows": "Рабочие процессы утверждения данных",
      "Locales": "Локали",
      "SQL views": "SQL представления",
      "Icons": "Icons",
      "Analytics table hooks": "Analytics table hooks"
    },
    "title": "Приложение \"Управление метаданными\"",
    "description": "DHIS2 Maintenance app"
  },
  {
    "locale": "si",
    "shortcuts": {}
  },
  {
    "locale": "sv",
    "shortcuts": {
      "Categories": "Categories",
      "Category options": "Category options",
      "Category combinations": "Category combinations",
      "Category option combinations": "Category option combinations",
      "Category option groups": "Category option groups",
      "Category option group sets": "Category option group sets",
      "Data elements": "dataelement",
      "Data element groups ": "Dataelementgrupper",
      "Data element group sets": "Data element group sets",
      "Data sets": "dataset",
      "Data set notifications": "Data set notifications",
      "Indicators": "indikatorer",
      "Indicator types": "Indicator types",
      "Indicator groups": "indikatorgrupper",
      "Indicator group sets": "Indicator group sets",
      "Program indicators": "programindikatorer",
      "Program indicator groups": "Program indicator groups",
      "Organisation units": "Organisation enheter",
      "Organisaiton unit groups": "Organisaiton unit groups",
      "Organisation unit group sets": "Organisation unit group sets",
      "Organisation unit levels": "Organisation unit levels",
      "Hierarchy operations": "Hierarchy operations",
      "Programs": "program",
      "Tracked entity attributes": "Tracked entity attributes",
      "Relationship types": "Relationship types",
      "Tracked entity types": "Tracked entity types",
      "Program rules": "Program rules",
      "Program rule variables": "Program rule variables",
      "Validation rules": "valideringsregler",
      "Validation rule groups": "Validation rule groups",
      "Validation notifications": "Validation notifications",
      "Constants": "konstanter",
      "Attributes": "Attribut",
      "Option sets": "Option sets",
      "Option groups": "Option groups",
      "Option group sets": "Option group sets",
      "Legends": "Teckenförklaringar",
      "Predictors": "Predictors",
      "Predictor groups": "Predictor groups",
      "Push analysis": "Push analysis",
      "External map layers": "External map layers",
      "Data approval levels": "Data approval levels",
      "Data approval workflows": "Data approval workflows",
      "Locales": "Locales",
      "SQL views": "SQL views",
      "Icons": "Icons",
      "Analytics table hooks": "Analytics table hooks"
    },
    "title": "Maintenance app",
    "description": "DHIS2 Maintenance app"
  },
  {
    "locale": "tet",
    "shortcuts": {
      "Categories": "Kategorias",
      "Category options": "Category options",
      "Category combinations": "Category combinations",
      "Category option combinations": "Category option combinations",
      "Category option groups": "Category option groups",
      "Category option group sets": "Category option group sets",
      "Data elements": "Elementus dadus",
      "Data element groups ": "Grupus elementus dadus",
      "Data element group sets": "Data element group sets",
      "Data sets": "Pakote dadus",
      "Data set notifications": "Data set notifications",
      "Indicators": "Indikadores",
      "Indicator types": "Indicator types",
      "Indicator groups": "Grupus indikadores",
      "Indicator group sets": "Indicator group sets",
      "Program indicators": "Program indicators",
      "Program indicator groups": "Program indicator groups",
      "Organisation units": "Unidade organizasional",
      "Organisaiton unit groups": "Organisaiton unit groups",
      "Organisation unit group sets": "Organisation unit group sets",
      "Organisation unit levels": "Organisation unit levels",
      "Hierarchy operations": "Hierarchy operations",
      "Programs": "Programs",
      "Tracked entity attributes": "Tracked entity attributes",
      "Relationship types": "Relationship types",
      "Tracked entity types": "Tracked entity types",
      "Program rules": "Program rules",
      "Program rule variables": "Program rule variables",
      "Validation rules": "Regras validasaun",
      "Validation rule groups": "Validation rule groups",
      "Validation notifications": "Validation notifications",
      "Constants": "Kontantes",
      "Attributes": "Attributes",
      "Option sets": "Option sets",
      "Option groups": "Option groups",
      "Option group sets": "Option group sets",
      "Legends": "Legends",
      "Predictors": "Predictors",
      "Predictor groups": "Predictor groups",
      "Push analysis": "Push analysis",
      "External map layers": "External map layers",
      "Data approval levels": "Data approval levels",
      "Data approval workflows": "Data approval workflows",
      "Locales": "Locales",
      "SQL views": "SQL views",
      "Icons": "Icons",
      "Analytics table hooks": "Analytics table hooks"
    },
    "title": "Maintenance app",
    "description": "DHIS2 Maintenance app"
  },
  {
    "locale": "tg",
    "shortcuts": {
      "Categories": "Категорияҳо",
      "Category options": "Имконоти категорияҳо",
      "Category combinations": "Category combinations",
      "Category option combinations": "Category option combinations",
      "Category option groups": "Category option groups",
      "Category option group sets": "Category option group sets",
      "Data elements": "Унсурҳои иттилоот",
      "Data element groups ": "Гурӯҳҳои унсурҳои иттилоот",
      "Data element group sets": "Data element group sets",
      "Data sets": "Маҷмӯъҳои иттилоот",
      "Data set notifications": "Data set notifications",
      "Indicators": "Индикаторҳо",
      "Indicator types": "Навъҳои индикатор",
      "Indicator groups": "Гурӯҳҳои индикаторҳо",
      "Indicator group sets": "Indicator group sets",
      "Program indicators": "Program indicators",
      "Program indicator groups": "Program indicator groups",
      "Organisation units": "воҳидҳои сохторӣ",
      "Organisaiton unit groups": "Organisaiton unit groups",
      "Organisation unit group sets": "Organisation unit group sets",
      "Organisation unit levels": "Organisation unit levels",
      "Hierarchy operations": "Амалиётҳои иерархӣ",
      "Programs": "Барномаҳо",
      "Tracked entity attributes": "Tracked entity attributes",
      "Relationship types": "Relationship types",
      "Tracked entity types": "Tracked entity types",
      "Program rules": "Program rules",
      "Program rule variables": "Program rule variables",
      "Validation rules": "Қоидаҳои санҷиши эътибор",
      "Validation rule groups": "Validation rule groups",
      "Validation notifications": "Validation notifications",
      "Constants": "Доимиҳо",
      "Attributes": "Нишонаҳо",
      "Option sets": "Option sets",
      "Option groups": "Option groups",
      "Option group sets": "Option group sets",
      "Legends": "Аломатҳои шартӣ",
      "Predictors": "Predictors",
      "Predictor groups": "Predictor groups",
      "Push analysis": "Push analysis",
      "External map layers": "External map layers",
      "Data approval levels": "Data approval levels",
      "Data approval workflows": "Data approval workflows",
      "Locales": "Locales",
      "SQL views": "SQL views",
      "Icons": "Icons",
      "Analytics table hooks": "Analytics table hooks"
    },
    "title": "Maintenance app",
    "description": "DHIS2 Maintenance app"
  },
  {
    "locale": "uk",
    "shortcuts": {
      "Categories": "Категорії",
      "Category options": "Category options",
      "Category combinations": "Category combinations",
      "Category option combinations": "Category option combinations",
      "Category option groups": "Category option groups",
      "Category option group sets": "Category option group sets",
      "Data elements": "Елементи даних",
      "Data element groups ": "Групи елементів даних",
      "Data element group sets": "Data element group sets",
      "Data sets": "Набори даних",
      "Data set notifications": "Data set notifications",
      "Indicators": "Індикатори",
      "Indicator types": "Indicator types",
      "Indicator groups": "Групи індикаторів",
      "Indicator group sets": "Indicator group sets",
      "Program indicators": "Програмні показники",
      "Program indicator groups": "Program indicator groups",
      "Organisation units": "Організаційні підрозділи",
      "Organisaiton unit groups": "Organisaiton unit groups",
      "Organisation unit group sets": "Organisation unit group sets",
      "Organisation unit levels": "Organisation unit levels",
      "Hierarchy operations": "Hierarchy operations",
      "Programs": "Програми",
      "Tracked entity attributes": "Tracked entity attributes",
      "Relationship types": "Relationship types",
      "Tracked entity types": "Tracked entity types",
      "Program rules": "Program rules",
      "Program rule variables": "Program rule variables",
      "Validation rules": "Правила перевірки",
      "Validation rule groups": "Validation rule groups",
      "Validation notifications": "Validation notifications",
      "Constants": "Константи",
      "Attributes": "Атрибути",
      "Option sets": "Option sets",
      "Option groups": "Option groups",
      "Option group sets": "Option group sets",
      "Legends": "Legends",
      "Predictors": "Predictors",
      "Predictor groups": "Predictor groups",
      "Push analysis": "Push analysis",
      "External map layers": "External map layers",
      "Data approval levels": "Рівні затвердження даних",
      "Data approval workflows": "Data approval workflows",
      "Locales": "Locales",
      "SQL views": "SQL views",
      "Icons": "Icons",
      "Analytics table hooks": "Analytics table hooks"
    },
    "title": "Maintenance app",
    "description": "DHIS2 Maintenance app"
  },
  {
    "locale": "ur",
    "shortcuts": {
      "Categories": "اقسام",
      "Category options": "زمرہ کے اختیارات",
      "Category combinations": "Category combinations",
      "Category option combinations": "Category option combinations",
      "Category option groups": "Category option groups",
      "Category option group sets": "Category option group sets",
      "Data elements": "ڈیٹا عنصر",
      "Data element groups ": "ڈیٹا عناصر کے گروپ",
      "Data element group sets": "Data element group sets",
      "Data sets": "ڈیٹا سیٹس",
      "Data set notifications": "ڈیٹا سیٹ اطلاعات",
      "Indicators": "اشارے",
      "Indicator types": "اشارے کی اقسام",
      "Indicator groups": "اشارے بمع گروپ",
      "Indicator group sets": "Indicator group sets",
      "Program indicators": "پروگرام اشارے",
      "Program indicator groups": "پروگرام اشارے گروپ",
      "Organisation units": "تنظیمی یونٹس",
      "Organisaiton unit groups": "Organisaiton unit groups",
      "Organisation unit group sets": "Organisation unit group sets",
      "Organisation unit levels": "تنظیم یونٹ کی سطح",
      "Hierarchy operations": "حراستی آپریشن",
      "Programs": "پروگرامز",
      "Tracked entity attributes": "Tracked entity attributes",
      "Relationship types": "Relationship types",
      "Tracked entity types": "Tracked entity types",
      "Program rules": "Program rules",
      "Program rule variables": "Program rule variables",
      "Validation rules": "توثیقی قائدہ",
      "Validation rule groups": "Validation rule groups",
      "Validation notifications": "Validation notifications",
      "Constants": "Constants",
      "Attributes": "خصوصیات",
      "Option sets": "Option sets",
      "Option groups": "Option groups",
      "Option group sets": "Option group sets",
      "Legends": "کنودنتیوں",
      "Predictors": "Predictors",
      "Predictor groups": "Predictor groups",
      "Push analysis": "تجزیہ پش",
      "External map layers": "External map layers",
      "Data approval levels": "ڈیٹا کی منظوری کی سطح",
      "Data approval workflows": "Data approval workflows",
      "Locales": "Locales",
      "SQL views": "SQL views",
      "Icons": "Icons",
      "Analytics table hooks": "Analytics table hooks"
    },
    "title": "Maintenance app",
    "description": "DHIS2 Maintenance app"
  },
  {
    "locale": "uz_UZ_Cyrl",
    "shortcuts": {
      "Categories": "Категориялар",
      "Category options": "Категория варианти",
      "Category combinations": "Категория комбинациялари",
      "Category option combinations": "Категория вариантлари комбинациялари",
      "Category option groups": "Category option groups",
      "Category option group sets": "Категория вариантлари гуруҳи тўпламлари",
      "Data elements": "Маълумот элементлари",
      "Data element groups ": "Маълумотлар элементи гуруҳлари",
      "Data element group sets": "Маълумотлар элементи гуруҳи тўпламлари",
      "Data sets": "Маълумотлар тўплами",
      "Data set notifications": "Маълумотлар тўплами билдиришномалари",
      "Indicators": "Кўрсатгичлар",
      "Indicator types": "Индикатор турлари",
      "Indicator groups": "Индикатор гуруҳлари",
      "Indicator group sets": "Индикаторлар гуруҳи тўпламлари",
      "Program indicators": "Дастур индикаторлари",
      "Program indicator groups": "Дастур индикаторлари гуруҳлари",
      "Organisation units": "Ташкилий бўлимлар",
      "Organisaiton unit groups": "Organisaiton unit groups",
      "Organisation unit group sets": "Ташкилий бўлим гуруҳи тўпламлари",
      "Organisation unit levels": "Ташкилий бўлим босқичлари",
      "Hierarchy operations": "Иерархия операциялари",
      "Programs": "Дастурлар",
      "Tracked entity attributes": "Tracked entity attributes",
      "Relationship types": "Ўзаро муносабатлар турлари",
      "Tracked entity types": "Кузатувдаги объект турлари",
      "Program rules": "Дастур қоидалари",
      "Program rule variables": "Дастур қоидаларидаги ўзгарувчи қисмлар",
      "Validation rules": "Тасдиқлаш қоидалари",
      "Validation rule groups": "Тасдиқлаш қоидалари гуруҳлари",
      "Validation notifications": "Validation notifications",
      "Constants": "Доимийлар (константалар)",
      "Attributes": "Аттрибутлар",
      "Option sets": "Вариантлар тўплами",
      "Option groups": "Вариант гуруҳлари",
      "Option group sets": "Вариантлар гуруҳлари тўпламлари",
      "Legends": "Таърифлар",
      "Predictors": "Башоратчилар",
      "Predictor groups": "Башорат гуруҳи",
      "Push analysis": "Push-таҳлил",
      "External map layers": "Ташқи харита қавати",
      "Data approval levels": "Маълумотларни тасдиқлаш поғонаси",
      "Data approval workflows": "Маълумотларни тасдиқлаш бўйича иш жараёни",
      "Locales": "Локал",
      "SQL views": "SQL кўринишлари",
      "Icons": "Icons",
      "Analytics table hooks": "Analytics table hooks"
    },
    "title": "Таъминот дастури",
    "description": "DHIS2 Maintenance app"
  },
  {
    "locale": "uz_UZ_Latn",
    "shortcuts": {
      "Categories": "Kategoriyalar",
      "Category options": "Category options",
      "Category combinations": "Category combinations",
      "Category option combinations": "Category option combinations",
      "Category option groups": "Category option groups",
      "Category option group sets": "Category option group sets",
      "Data elements": "Maʼlumot elementlari",
      "Data element groups ": "Maʼlumotlar elementi guruhlari",
      "Data element group sets": "Data element group sets",
      "Data sets": "Maʼlumotlar toʼplami",
      "Data set notifications": "Data set notifications",
      "Indicators": "Koʼrsatgichlar",
      "Indicator types": "Indikator turlari",
      "Indicator groups": "Indikator guruhlari",
      "Indicator group sets": "Indicator group sets",
      "Program indicators": "Dastur koʼrsatgichlari",
      "Program indicator groups": "Program indicator groups",
      "Organisation units": "Tashkiliy birliklar",
      "Organisaiton unit groups": "Organisaiton unit groups",
      "Organisation unit group sets": "Organisation unit group sets",
      "Organisation unit levels": "Organisation unit levels",
      "Hierarchy operations": "Hierarchy operations",
      "Programs": "Dasturlar",
      "Tracked entity attributes": "Tracked entity attributes",
      "Relationship types": "Relationship types",
      "Tracked entity types": "Kuzatuvdagi obʼekt turlari",
      "Program rules": "Program rules",
      "Program rule variables": "Program rule variables",
      "Validation rules": "Tasdiqlash qoidalari",
      "Validation rule groups": "Validation rule groups",
      "Validation notifications": "Validation notifications",
      "Constants": "Doimiylar (konstantalar)",
      "Attributes": "Аttributlar",
      "Option sets": "Variantlar toʼplami",
      "Option groups": "Option groups",
      "Option group sets": "Option group sets",
      "Legends": "Таърифлар",
      "Predictors": "Predictors",
      "Predictor groups": "Predictor groups",
      "Push analysis": "Push-tahlil",
      "External map layers": "External map layers",
      "Data approval levels": "Maʼlumotlarni tasdiqlash darajasi",
      "Data approval workflows": "Data approval workflows",
      "Locales": "Locales",
      "SQL views": "SQL views",
      "Icons": "Icons",
      "Analytics table hooks": "Analytics table hooks"
    },
    "title": "Taʼminot dasturi",
    "description": "DHIS2 Maintenance app"
  },
  {
    "locale": "vi",
    "shortcuts": {
      "Categories": "Phân loại",
      "Category options": "Tùy Chọn Phân Loại",
      "Category combinations": "Category combinations",
      "Category option combinations": "Category option combinations",
      "Category option groups": "Category option groups",
      "Category option group sets": "Category option group sets",
      "Data elements": "Phần tử dữ liệu",
      "Data element groups ": "Nhóm phần tử dữ liệu",
      "Data element group sets": "Data element group sets",
      "Data sets": "Data sets",
      "Data set notifications": "Thông báo bộ dữ liệu",
      "Indicators": "Chỉ số",
      "Indicator types": "Loại Chỉ Số",
      "Indicator groups": "Nhóm chỉ số",
      "Indicator group sets": "Indicator group sets",
      "Program indicators": "Chỉ Số Chương Trình",
      "Program indicator groups": "Program indicator groups",
      "Organisation units": "Đơn vị",
      "Organisaiton unit groups": "Organisaiton unit groups",
      "Organisation unit group sets": "Organisation unit group sets",
      "Organisation unit levels": "Tuyến Đơn Vị",
      "Hierarchy operations": "Tái cấu trúc cây đơn Vị",
      "Programs": "Chương trình",
      "Tracked entity attributes": "Tracked entity attributes",
      "Relationship types": "Relationship types",
      "Tracked entity types": "Tracked entity types",
      "Program rules": "Program rules",
      "Program rule variables": "Program rule variables",
      "Validation rules": "Quy tắc hợp lệ",
      "Validation rule groups": "Validation rule groups",
      "Validation notifications": "Validation notifications",
      "Constants": "Các hằng số",
      "Attributes": "Thuộc Tính",
      "Option sets": "Option sets",
      "Option groups": "Option groups",
      "Option group sets": "Option group sets",
      "Legends": "Chú thích",
      "Predictors": "Predictors",
      "Predictor groups": "Predictor groups",
      "Push analysis": "Gửi Dữ Liệu Phân Tích",
      "External map layers": "External map layers",
      "Data approval levels": "Tuyến Đơn Vị duyệt dữ liệu",
      "Data approval workflows": "Data approval workflows",
      "Locales": "Locales",
      "SQL views": "SQL views",
      "Icons": "Icons",
      "Analytics table hooks": "Analytics table hooks"
    },
    "title": "Bảo trì",
    "description": "DHIS2 Maintenance app"
  },
  {
    "locale": "zh",
    "shortcuts": {
      "Categories": "分类",
      "Category options": "分类选项",
      "Category combinations": "分类组合",
      "Category option combinations": "分类组合选项",
      "Category option groups": "类别选项组",
      "Category option group sets": "分类选项组集",
      "Data elements": "数据元",
      "Data element groups ": "数据元组",
      "Data element group sets": "数据元组集",
      "Data sets": "数据集",
      "Data set notifications": "数据集通知模版",
      "Indicators": "指标",
      "Indicator types": "指标类型",
      "Indicator groups": "指标分组",
      "Indicator group sets": "指标组集",
      "Program indicators": "项目指标",
      "Program indicator groups": "项目指标组",
      "Organisation units": "组织机构",
      "Organisaiton unit groups": "组织机构分组",
      "Organisation unit group sets": "机构组集",
      "Organisation unit levels": "机构等级",
      "Hierarchy operations": "体系结构操作",
      "Programs": "项目",
      "Tracked entity attributes": "跟踪实体属性",
      "Relationship types": "关系类型",
      "Tracked entity types": "跟踪实体类型",
      "Program rules": "项目规则",
      "Program rule variables": "项目规则变量",
      "Validation rules": "验证规则",
      "Validation rule groups": "验证规则组",
      "Validation notifications": "验证通知",
      "Constants": "常数",
      "Attributes": "属性",
      "Option sets": "选项集",
      "Option groups": "选项组",
      "Option group sets": "选项组集",
      "Legends": "图例",
      "Predictors": "预测器",
      "Predictor groups": "指标组",
      "Push analysis": "推送分析",
      "External map layers": "外部图层",
      "Data approval levels": "数据审批等级",
      "Data approval workflows": "数据审核流程",
      "Locales": "本地化方言",
      "SQL views": "SQL 视图",
      "Icons": "图标",
      "Analytics table hooks": "分析表钩子"
    },
    "title": "查看维护模块",
    "description": "DHIS2 维护应用程序"
  },
  {
    "locale": "zh_CN",
    "shortcuts": {
      "Categories": "分类",
      "Category options": "概念分类选项",
      "Category combinations": "分类组合",
      "Category option combinations": "分类组合选项",
      "Category option groups": "Category option groups",
      "Category option group sets": "分类选项组集",
      "Data elements": "数据元",
      "Data element groups ": "数据元组",
      "Data element group sets": "数据元组集",
      "Data sets": "数据集",
      "Data set notifications": "数据集通知模版",
      "Indicators": "指标",
      "Indicator types": "指标类型",
      "Indicator groups": "指标组",
      "Indicator group sets": "指标组集",
      "Program indicators": "项目指标",
      "Program indicator groups": "项目指标组",
      "Organisation units": "组织机构",
      "Organisaiton unit groups": "Organisaiton unit groups",
      "Organisation unit group sets": "机构组集",
      "Organisation unit levels": "机构等级",
      "Hierarchy operations": "体系结构操作",
      "Programs": "项目",
      "Tracked entity attributes": "Tracked entity attributes",
      "Relationship types": "关系类型",
      "Tracked entity types": "跟踪实体类型",
      "Program rules": "项目规则",
      "Program rule variables": "项目规则变量",
      "Validation rules": "验证规则",
      "Validation rule groups": "验证规则组",
      "Validation notifications": "Validation notifications",
      "Constants": "常数",
      "Attributes": "属性",
      "Option sets": "选项集",
      "Option groups": "选项组",
      "Option group sets": "选项组集",
      "Legends": "图例",
      "Predictors": "预测器",
      "Predictor groups": "指标组",
      "Push analysis": "分析推送",
      "External map layers": "外部图层",
      "Data approval levels": "数据确认等级",
      "Data approval workflows": "数据审核流程",
      "Locales": "本地化",
      "SQL views": "SQL 视图",
      "Icons": "Icons",
      "Analytics table hooks": "Analytics table hooks"
    },
    "title": "查看维护模块",
    "description": "DHIS2 Maintenance app"
  }
]